Switch,Vlan
CHN-DLN-GSD-ACC-SW-06F14-01,31
CHN-DLN-GSD-ACC-SW-06F14-02,31
CHN-DLN-GSD-ACC-SW-06F14-03,31
CHN-DLN-GSD-ACC-SW-06F14-04,31
CHN-DLN-GSD-ACC-SW-06F14-05,31
CHN-DLN-GSD-ACC-SW-06F14-06,31
CHN-DLN-GSD-ACC-SW-06F14-07,31
CHN-DLN-GSD-ACC-SW-06F14-08,31
CHN-DLN-GSD-ACC-SW-06F14-09,31
CHN-DLN-GSD-ACC-SW-06F14-10,31
CHN-DLN-GSD-ACC-SW-06F14-12,31
CHN-DLN-GSD-ACC-SW-06F14-13,31
CHN-DLN-GSD-ACC-SW-06F14-14,31
CHN-DLN-GSD-ACC-SW-06F14-15,31
CHN-DLN-GSD-ACC-SW-06F14-16,31
CHN-DLN-GSD-ACC-SW-06F14-17,31
CHN-DLN-GSD-ACC-SW-06F14-18,31
CHN-DLN-GSD-ACC-SW-06F14-19,31
CHN-DLN-GSD-ACC-SW-06F14-20,31
CHN-DLN-GSD-ACC-SW-06F14-22,31
CHN-DLN-GSD-ACC-SW-06F14-23,31
CHN-DLN-GSD-ACC-SW-06F14-24,31
CHN-DLN-GSD-ACC-SW-06F14-25,31
CHN-DLN-GSD-ACC-SW-06F14-29,31
CHN-DLN-GSD-ACC-SW-06F14-32,31
CHN-DLN-GSD-ACC-SW-06F14-33,31
CHN-DLN-GSD-ACC-SW-06F14-34,31
CHN-DLN-GSD-ACC-SW-06F14-35,31
CHN-DLN-GSD-ACC-SW-06F14-36,31
CHN-DLN-GSD-ACC-SW-06F14-37,31
CHN-DLN-GSD-ACC-SW-06F14-38,31
CHN-DLN-GSD-ACC-SW-06F14-39,31
CHN-DLN-GSD-ACC-SW-06F14-40,31
CHN-DLN-GSD-ACC-SW-06F04-46,31
CHN-DLN-GSD-ACC-SW-06F04-44,31
CHN-DLN-GSD-ACC-SW-06F14-41,31
CHN-DLN-GSD-ACC-SW-06F14-42,31
CHN-DLN-GSD-ACC-SW-06F15-01,31
CHN-DLN-GSD-ACC-SW-06F15-02,31
CHN-DLN-GSD-ACC-SW-06F15-03,31
CHN-DLN-GSD-ACC-SW-06F15-04,31
CHN-DLN-GSD-ACC-SW-06F15-05,31
CHN-DLN-GSD-ACC-SW-06F15-06,31
CHN-DLN-GSD-ACC-SW-06F15-07,31
CHN-DLN-GSD-ACC-SW-06F15-08,31
CHN-DLN-GSD-ACC-SW-06F15-09,31
CHN-DLN-GSD-ACC-SW-06F15-10,31
CHN-DLN-GSD-ACC-SW-06F13-39,31
CHN-DLN-GSD-ACC-SW-06F14-43,31
CHN-DLN-GSD-ACC-SW-06F14-44,31
CHN-DLN-GSD-ACC-SW-06F14-45,31
CHN-DLN-GSD-ACC-SW-06F14-46,31
CHN-DLN-GSD-ACC-SW-06F14-47,31
CHN-DLN-GSD-ACC-SW-06F14-48,31
CHN-DLN-GSD-ACC-SW-06F04-22,31
CHN-DLN-GSD-ACC-SW-06F13-47,31
CHN-DLN-GSD-ACC-SW-06F07-11,31
CHN-DLN-GSD-ACC-SW-06F07-01,31
CHN-DLN-GSD-ACC-SW-06F07-01,31
CHN-DLN-GSD-ACC-SW-06F02-05,31
CHN-DLN-GSD-ACC-SW-06F07-04,31
CHN-DLN-GSD-ACC-SW-06F07-02,31
CHN-DLN-GSD-ACC-SW-06F07-03,31
CHN-DLN-GSD-ACC-SW-06F15-11,31
CHN-DLN-GSD-ACC-SW-06F15-12,31
CHN-DLN-GSD-ACC-SW-06F15-13,31
CHN-DLN-GSD-ACC-SW-06F15-14,31
CHN-DLN-GSD-ACC-SW-06F15-15,31
CHN-DLN-GSD-ACC-SW-06F15-16,31
CHN-DLN-GSD-ACC-SW-06F15-17,31
CHN-DLN-GSD-ACC-SW-06F15-18,31
CHN-DLN-GSD-ACC-SW-06F15-19,31
CHN-DLN-GSD-ACC-SW-06F15-20,31
CHN-DLN-GSD-ACC-SW-06F15-21,31
CHN-DLN-GSD-ACC-SW-06F15-22,31
CHN-DLN-GSD-ACC-SW-06F15-23,31
CHN-DLN-GSD-ACC-SW-06F15-24,31
CHN-DLN-GSD-ACC-SW-06F15-25,31
CHN-DLN-GSD-ACC-SW-06F15-26,31
